{"cameraMode":{"drawMode":0,"name":"Shaded","section":"Shading Mode"},"sceneLighting":false,"audioPlay":false,"sceneViewState":{"showFog":true,"showMaterialUpdate":false,"showSkybox":true,"showFlares":true,"showImageEffects":true,"showParticleSystems":true},"in2DMode":false,"pivot":{"x":2.7253873348236086,"y":0.06509225815534592,"z":3.2290124893188478},"rotation":{"x":-0.023153031244874,"y":-0.6924009323120117,"z":0.02224007248878479,"w":-0.7208018898963928},"size":3.0990381240844728,"orthographic":false}